{"cameraMode":{"drawMode":0,"name":"Shaded","section":"Shading Mode"},"sceneLighting":false,"audioPlay":false,"sceneViewState":{"showFog":true,"showMaterialUpdate":false,"showSkybox":true,"showFlares":true,"showImageEffects":true,"showParticleSystems":true},"in2DMode":false,"pivot":{"x":-5.660793304443359,"y":2.2618021965026857,"z":-20.50016975402832},"rotation":{"x":0.06711777299642563,"y":-0.9065701961517334,"z":0.1579820215702057,"w":0.3856390416622162},"size":1.5277612209320069,"orthographic":false}