{"cameraMode":{"drawMode":0,"name":"Shaded","section":"Shading Mode"},"sceneLighting":true,"audioPlay":false,"sceneViewState":{"showFog":true,"showMaterialUpdate":false,"showSkybox":true,"showFlares":true,"showImageEffects":true,"showParticleSystems":true},"in2DMode":false,"pivot":{"x":3.1887645721435549,"y":-5.577788352966309,"z":-18.823490142822267},"rotation":{"x":-0.3075724244117737,"y":0.6494545936584473,"z":-0.32485905289649966,"w":-0.6148941516876221},"size":8.85899829864502,"orthographic":false}