{"cameraMode":{"drawMode":0,"name":"Shaded","section":"Shading Mode"},"sceneLighting":true,"audioPlay":false,"sceneViewState":{"showFog":true,"showMaterialUpdate":false,"showSkybox":true,"showFlares":true,"showImageEffects":true,"showParticleSystems":true},"in2DMode":false,"pivot":{"x":1.3093024492263795,"y":-0.3117717206478119,"z":18.33885955810547},"rotation":{"x":-0.03629366308450699,"y":0.022208791226148607,"z":-0.0008032958721742034,"w":-0.9991035461425781},"size":9.940080642700196,"orthographic":false}