{"cameraMode":{"drawMode":0,"name":"Shaded","section":"Shading Mode"},"sceneLighting":false,"audioPlay":false,"sceneViewState":{"showFog":true,"showMaterialUpdate":false,"showSkybox":false,"showFlares":true,"showImageEffects":true,"showParticleSystems":true},"in2DMode":false,"pivot":{"x":0.050530314445495608,"y":0.1341325044631958,"z":0.06376151740550995},"rotation":{"x":-0.11633701622486115,"y":0.7093437910079956,"z":-0.1205296665430069,"w":-0.6846684813499451},"size":0.6581443548202515,"orthographic":false}