{"cameraMode":{"drawMode":0,"name":"Shaded","section":"Shading Mode"},"sceneLighting":false,"audioPlay":false,"sceneViewState":{"showFog":true,"showMaterialUpdate":false,"showSkybox":false,"showFlares":true,"showImageEffects":true,"showParticleSystems":true},"in2DMode":false,"pivot":{"x":0.3922405242919922,"y":1.2750577926635743,"z":-7.854386329650879},"rotation":{"x":-0.03371996060013771,"y":0.9591956734657288,"z":-0.24881914258003236,"w":-0.12998998165130616},"size":0.8789908289909363,"orthographic":false}