{"cameraMode":{"drawMode":0,"name":"Shaded","section":"Shading Mode"},"sceneLighting":false,"audioPlay":false,"sceneViewState":{"showFog":true,"showMaterialUpdate":false,"showSkybox":false,"showFlares":true,"showImageEffects":true,"showParticleSystems":true},"in2DMode":false,"pivot":{"x":-0.06999707221984863,"y":-1.8098247051239014,"z":0.6865968704223633},"rotation":{"x":-0.019741356372833253,"y":0.9794046878814697,"z":-0.11989455670118332,"w":-0.16127216815948487},"size":5.025634765625,"orthographic":false}