{"cameraMode":{"drawMode":0,"name":"Shaded","section":"Shading Mode"},"sceneLighting":false,"audioPlay":false,"sceneViewState":{"showFog":true,"showMaterialUpdate":false,"showSkybox":false,"showFlares":true,"showImageEffects":true,"showParticleSystems":true},"in2DMode":false,"pivot":{"x":0.0005666017532348633,"y":0.8154854774475098,"z":-0.11107966303825379},"rotation":{"x":0.007524312939494848,"y":0.9776372909545898,"z":-0.20715957880020142,"w":0.03550470992922783},"size":1.0987462997436524,"orthographic":false}