{"cameraMode":{"drawMode":0,"name":"Shaded","section":"Shading Mode"},"sceneLighting":false,"audioPlay":false,"sceneViewState":{"showFog":true,"showMaterialUpdate":false,"showSkybox":false,"showFlares":true,"showImageEffects":true,"showParticleSystems":true},"in2DMode":false,"pivot":{"x":-0.9554058909416199,"y":-0.6800236701965332,"z":1.1563316583633423},"rotation":{"x":0.030748611316084863,"y":-0.902472198009491,"z":0.4246567487716675,"w":0.06535555422306061},"size":0.7082146406173706,"orthographic":false}