{"cameraMode":{"drawMode":0,"name":"Shaded","section":"Shading Mode"},"sceneLighting":false,"audioPlay":false,"sceneViewState":{"showFog":true,"showMaterialUpdate":false,"showSkybox":false,"showFlares":true,"showImageEffects":true,"showParticleSystems":true},"in2DMode":false,"pivot":{"x":463.6207275390625,"y":864.9296875,"z":212.8388671875},"rotation":{"x":-0.07109363377094269,"y":0.8701884746551514,"z":-0.1317918598651886,"w":-0.4694138467311859},"size":974.4598388671875,"orthographic":false}