{"cameraMode":{"drawMode":0,"name":"Shaded","section":"Shading Mode"},"sceneLighting":true,"audioPlay":false,"sceneViewState":{"showFog":true,"showMaterialUpdate":false,"showSkybox":true,"showFlares":true,"showImageEffects":true,"showParticleSystems":true},"in2DMode":false,"pivot":{"x":1.369004249572754,"y":0.9455761909484863,"z":-2.3711090087890627},"rotation":{"x":-0.1660120040178299,"y":-0.017160270363092424,"z":0.002889349590986967,"w":-0.9859703183174133},"size":3.280015230178833,"orthographic":false}